Room,Time,Damper_Position,Flow_Rate,Flow_Temperature,Heat_Cool,Room_Temperature,Set_Point,Valve_Position
S4-14,2015-04-01 00:00:00-07:00,32.7199977875,220.0,,,70.25,82.0,
S4-14,2015-04-01 00:05:00-07:00,32.8799972534,219.2,,,70.25,82.0,
S4-14,2015-04-01 00:10:00-07:00,32.719997406,220.8,,,70.25,82.0,
S4-14,2015-04-01 00:15:00-07:00,32.3999977112,219.2,,,70.25,82.0,
S4-14,2015-04-01 00:20:00-07:00,33.0666637421,220.0,,,70.25,82.0,
S4-14,2015-04-01 00:25:00-07:00,32.5599975586,219.2,,,70.25,82.0,
S4-14,2015-04-01 00:30:00-07:00,33.1999969482,218.4,,,70.25,82.0,
S4-14,2015-04-01 00:35:00-07:00,33.1999969482,221.6,,,70.25,82.0,
S4-14,2015-04-01 00:40:00-07:00,33.1999969482,218.4,,,70.25,82.0,
S4-14,2015-04-01 00:45:00-07:00,33.2799972534,222.4,,,70.25,82.0,
S4-14,2015-04-01 00:50:00-07:00,32.719997406,220.0,,,70.25,82.0,
S4-14,2015-04-01 00:55:00-07:00,33.1999969482,221.6,,,70.25,82.0,
S4-14,2015-04-01 01:00:00-07:00,33.1999969482,220.0,,,70.25,82.0,
S4-14,2015-04-01 01:05:00-07:00,33.0399971008,219.2,,,70.25,82.0,
S4-14,2015-04-01 01:10:00-07:00,33.1999969482,219.2,,,70.25,82.0,
S4-14,2015-04-01 01:15:00-07:00,33.1999969482,219.2,,,70.25,82.0,
S4-14,2015-04-01 01:20:00-07:00,33.1999969482,220.8,,,70.25,82.0,
S4-14,2015-04-01 01:25:00-07:00,32.5599975586,219.2,,,70.25,82.0,
S4-14,2015-04-01 01:30:00-07:00,33.1999969482,220.0,,,70.25,82.0,
S4-14,2015-04-01 01:35:00-07:00,33.1999969482,220.8,,,70.25,82.0,
S4-14,2015-04-01 01:40:00-07:00,33.1999969482,220.8,,,70.25,82.0,
S4-14,2015-04-01 01:45:00-07:00,33.1999969482,220.0,,,70.25,82.0,
S4-14,2015-04-01 01:50:00-07:00,32.9333305359,218.4,,,70.25,82.0,
S4-14,2015-04-01 01:55:00-07:00,33.1999969482,220.8,,,70.25,82.0,
S4-14,2015-04-01 02:00:00-07:00,33.1999969482,220.0,,,70.25,82.0,
S4-14,2015-04-01 02:05:00-07:00,32.7999977112,220.8,,,70.25,82.0,
S4-14,2015-04-01 02:10:00-07:00,32.5333309174,220.8,,,70.3,82.0,
S4-14,2015-04-01 02:15:00-07:00,32.7999973297,220.0,,,70.25,82.0,
S4-14,2015-04-01 02:20:00-07:00,33.1999969482,220.8,,,70.35,82.0,
S4-14,2015-04-01 02:25:00-07:00,32.5599979401,218.4,,,70.3,82.0,
S4-14,2015-04-01 02:30:00-07:00,32.6999979019,226.0,,,70.375,82.0,
S4-14,2015-04-01 02:35:00-07:00,32.3999977112,220.0,,,70.2916666667,82.0,
S4-14,2015-04-01 02:40:00-07:00,32.719997406,219.2,,,70.25,82.0,
S4-14,2015-04-01 02:45:00-07:00,32.3999977112,220.8,,,70.3,82.0,
S4-14,2015-04-01 02:50:00-07:00,32.5999975204,220.0,,,70.25,82.0,
S4-14,2015-04-01 02:55:00-07:00,32.6666641235,219.2,,,70.25,82.0,
S4-14,2015-04-01 03:00:00-07:00,33.1999969482,218.4,,,70.25,82.0,
S4-14,2015-04-01 03:05:00-07:00,33.2799972534,221.0,,,70.25,82.0,
S4-14,2015-04-01 03:10:00-07:00,32.719997406,220.0,,,70.25,82.0,
S4-14,2015-04-01 03:15:00-07:00,33.119997406,220.666666667,,,70.25,82.0,
S4-14,2015-04-01 03:20:00-07:00,32.719997406,220.0,,,70.25,82.0,
S4-14,2015-04-01 03:25:00-07:00,32.7999977112,220.666666667,,,70.25,82.0,
S4-14,2015-04-01 03:30:00-07:00,33.0399971008,217.0,,,70.25,82.0,
S4-14,2015-04-01 03:35:00-07:00,33.1999969482,221.6,,,70.25,82.0,
S4-14,2015-04-01 03:40:00-07:00,33.1999969482,220.0,,,70.25,82.0,
S4-14,2015-04-01 03:45:00-07:00,33.1999969482,219.2,,,70.25,82.0,
S4-14,2015-04-01 03:50:00-07:00,33.119997406,223.2,,,70.25,82.0,
S4-14,2015-04-01 03:55:00-07:00,32.8799972534,219.333333333,,,70.25,82.0,
S4-14,2015-04-01 04:00:00-07:00,33.0399971008,219.0,,,70.25,82.0,
S4-14,2015-04-01 04:05:00-07:00,33.1999969482,220.0,,,70.25,82.0,
S4-14,2015-04-01 04:10:00-07:00,33.1999969482,220.0,,,70.25,82.0,
S4-14,2015-04-01 04:15:00-07:00,32.8799972534,221.6,,,70.25,82.0,
S4-14,2015-04-01 04:20:00-07:00,32.5599975586,220.8,,,70.25,82.0,
S4-14,2015-04-01 04:25:00-07:00,32.5599975586,217.6,,,70.25,82.0,
S4-14,2015-04-01 04:30:00-07:00,32.719997406,221.6,,,70.25,82.0,
S4-14,2015-04-01 04:35:00-07:00,32.3999977112,220.0,,,70.25,82.0,
S4-14,2015-04-01 04:40:00-07:00,33.1999969482,218.4,,,70.25,82.0,
S4-14,2015-04-01 04:45:00-07:00,33.1999969482,220.0,,,70.25,82.0,
S4-14,2015-04-01 04:50:00-07:00,33.1999969482,221.6,,,70.25,82.0,
S4-14,2015-04-01 04:55:00-07:00,32.8799972534,220.0,,,70.25,82.0,
S4-14,2015-04-01 05:00:00-07:00,32.8799972534,218.4,,,70.25,82.0,
S4-14,2015-04-01 05:05:00-07:00,33.2799972534,222.4,,,70.25,82.0,
S4-14,2015-04-01 05:10:00-07:00,32.5599975586,216.8,,,70.25,82.0,
S4-14,2015-04-01 05:15:00-07:00,33.1999969482,220.0,,,70.25,82.0,
S4-14,2015-04-01 05:20:00-07:00,32.5599975586,218.4,,,70.25,82.0,
S4-14,2015-04-01 05:25:00-07:00,33.1999969482,220.0,,,70.25,82.0,
S4-14,2015-04-01 05:30:00-07:00,32.719997406,219.2,,,70.2,82.0,
S4-14,2015-04-01 05:35:00-07:00,33.2799972534,220.8,,,70.1,82.0,
S4-14,2015-04-01 05:40:00-07:00,32.8799972534,220.8,,,70.2,82.0,
S4-14,2015-04-01 05:45:00-07:00,33.0399971008,217.6,,,70.15,82.0,
S4-14,2015-04-01 05:50:00-07:00,33.0399971008,220.0,,,70.15,82.0,
S4-14,2015-04-01 05:55:00-07:00,32.8799972534,218.4,,,70.05,82.0,
S4-14,2015-04-01 06:00:00-07:00,33.2799972534,220.0,,,70.1,78.8,
S4-14,2015-04-01 06:05:00-07:00,32.2399982452,222.4,,,70.1,74.0,
S4-14,2015-04-01 06:10:00-07:00,32.3999977112,220.0,,,70.05,74.0,
S4-14,2015-04-01 06:15:00-07:00,32.2399982452,221.6,,,70.0,74.0,
S4-14,2015-04-01 06:20:00-07:00,31.6000003815,217.6,,,70.0,74.0,
S4-14,2015-04-01 06:25:00-07:00,31.866666158,222.4,,,70.0,74.0,
S4-14,2015-04-01 06:30:00-07:00,31.6000003815,219.0,,,70.0,74.0,
S4-14,2015-04-01 06:35:00-07:00,32.5599979401,220.0,,,70.0,74.0,
S4-14,2015-04-01 06:40:00-07:00,32.5333309174,220.8,,,70.0,74.0,
S4-14,2015-04-01 06:45:00-07:00,31.6000003815,219.333333333,,,70.0,74.0,
S4-14,2015-04-01 06:50:00-07:00,31.6000003815,220.0,,,70.0,74.0,
S4-14,2015-04-01 06:55:00-07:00,31.6000003815,218.4,,,70.0,74.0,
S4-14,2015-04-01 07:00:00-07:00,32.3999980927,219.2,,,70.0,74.0,
S4-14,2015-04-01 07:05:00-07:00,32.5599975586,219.2,,,70.0,74.0,
S4-14,2015-04-01 07:10:00-07:00,33.1999969482,220.0,,,70.0,74.0,
S4-14,2015-04-01 07:15:00-07:00,33.0399971008,218.4,,,70.0,74.0,
S4-14,2015-04-01 07:20:00-07:00,32.3999980927,220.0,,,69.9583333333,74.0,
S4-14,2015-04-01 07:25:00-07:00,32.0799987793,220.0,,,70.0,74.0,
S4-14,2015-04-01 07:30:00-07:00,32.3999977112,218.0,,,70.0,74.0,
S4-14,2015-04-01 07:35:00-07:00,32.3999977112,221.6,,,69.95,74.0,
S4-14,2015-04-01 07:40:00-07:00,31.6000003815,221.6,,,69.9,74.0,
S4-14,2015-04-01 07:45:00-07:00,31.7599990845,217.6,,,69.9,74.0,
S4-14,2015-04-01 07:50:00-07:00,31.4400001526,220.0,,,69.95,74.0,
S4-14,2015-04-01 07:55:00-07:00,32.2399982452,218.666666667,,,70.0,74.0,
S4-14,2015-04-01 08:00:00-07:00,32.5599975586,221.0,,,70.0,74.0,
S4-14,2015-04-01 08:05:00-07:00,32.3999977112,221.6,,,70.0,74.0,
S4-14,2015-04-01 08:10:00-07:00,32.5599975586,220.8,,,69.95,74.0,
S4-14,2015-04-01 08:15:00-07:00,32.2399982452,219.2,,,70.0,74.0,
S4-14,2015-04-01 08:20:00-07:00,32.3999977112,220.0,,,70.0,74.0,
S4-14,2015-04-01 08:25:00-07:00,32.3999977112,220.8,,,70.0,74.0,
S4-14,2015-04-01 08:30:00-07:00,31.7599998474,222.4,,,70.0,74.0,
S4-14,2015-04-01 08:35:00-07:00,31.7599998474,220.0,,,70.0,74.0,
S4-14,2015-04-01 08:40:00-07:00,31.4400001526,221.6,,,70.0,74.0,
S4-14,2015-04-01 08:45:00-07:00,31.9199993134,219.2,,,70.0,74.0,
S4-14,2015-04-01 08:50:00-07:00,32.5599975586,218.4,,,70.1,74.0,
S4-14,2015-04-01 08:55:00-07:00,32.3999977112,221.6,,,70.1,74.0,
S4-14,2015-04-01 09:00:00-07:00,32.2399982452,217.6,,,70.25,74.0,
S4-14,2015-04-01 09:05:00-07:00,32.3999977112,219.2,,,70.25,74.0,
S4-14,2015-04-01 09:10:00-07:00,32.3999977112,222.4,,,70.25,74.0,
S4-14,2015-04-01 09:15:00-07:00,32.3999977112,218.4,,,70.25,74.0,
S4-14,2015-04-01 09:20:00-07:00,32.0799987793,220.8,,,70.25,74.0,
S4-14,2015-04-01 09:25:00-07:00,32.0799987793,220.8,,,70.25,74.0,
S4-14,2015-04-01 09:30:00-07:00,31.6000003815,217.6,,,70.25,74.0,
S4-14,2015-04-01 09:35:00-07:00,31.9999990463,221.6,,,70.25,74.0,
S4-14,2015-04-01 09:40:00-07:00,31.4666668574,220.8,,,70.45,74.0,
S4-14,2015-04-01 09:45:00-07:00,31.4399993896,220.8,,,70.5,74.0,
S4-14,2015-04-01 09:50:00-07:00,31.6000003815,219.2,,,70.5,74.0,
S4-14,2015-04-01 09:55:00-07:00,31.7599998474,219.2,,,70.5,74.0,
S4-14,2015-04-01 10:00:00-07:00,32.3999980927,220.8,,,70.6,74.0,
S4-14,2015-04-01 10:05:00-07:00,32.3999977112,219.2,,,70.55,74.0,
S4-14,2015-04-01 10:10:00-07:00,31.733332634,220.8,,,70.75,74.0,
S4-14,2015-04-01 10:15:00-07:00,29.9999996185,222.4,,,70.75,74.0,
S4-14,2015-04-01 10:20:00-07:00,41.9999980927,131.2,,,70.8,74.0,
S4-14,2015-04-01 10:25:00-07:00,27.266666159,218.4,,,70.8,74.0,
S4-14,2015-04-01 10:30:00-07:00,30.3999996185,223.2,,,70.75,74.0,
S4-14,2015-04-01 10:35:00-07:00,30.5999994278,218.4,,,70.85,74.0,
S4-14,2015-04-01 10:40:00-07:00,31.3333323797,220.8,,,70.75,74.0,
S4-14,2015-04-01 10:45:00-07:00,31.3599990845,217.6,,,70.75,74.0,
S4-14,2015-04-01 10:50:00-07:00,32.1599998474,221.6,,,70.75,74.0,
S4-14,2015-04-01 10:55:00-07:00,32.7999992371,217.6,,,70.7,74.0,
S4-14,2015-04-01 11:00:00-07:00,32.1599998474,220.8,,,70.55,74.0,
S4-14,2015-04-01 11:05:00-07:00,32.0,220.0,,,70.45,74.0,
S4-14,2015-04-01 11:10:00-07:00,31.8666664759,220.0,,,70.4,74.0,
S4-14,2015-04-01 11:15:00-07:00,31.9999996185,220.8,,,70.25,74.0,
S4-14,2015-04-01 11:20:00-07:00,32.0,220.0,,,70.05,74.0,
S4-14,2015-04-01 11:25:00-07:00,31.5999994278,218.4,,,69.65,74.0,
S4-14,2015-04-01 11:30:00-07:00,31.5199993134,221.6,,,69.35,74.0,
S4-14,2015-04-01 11:35:00-07:00,31.5999994278,217.6,,,69.3,74.0,
S4-14,2015-04-01 11:40:00-07:00,32.9333324432,222.4,,,69.25,74.0,
S4-14,2015-04-01 11:45:00-07:00,32.7999992371,220.8,,,69.25,74.0,
S4-14,2015-04-01 11:50:00-07:00,31.9999996185,220.8,,,69.25,74.0,
S4-14,2015-04-01 11:55:00-07:00,31.9999996821,220.8,,,69.25,74.0,
S4-14,2015-04-01 12:00:00-07:00,32.1999998093,220.0,,,69.25,74.0,
S4-14,2015-04-01 12:05:00-07:00,31.8399997711,219.2,,,69.25,74.0,
S4-14,2015-04-01 12:10:00-07:00,32.0,220.0,,,69.25,74.0,
S4-14,2015-04-01 12:15:00-07:00,32.3199996948,217.6,,,69.05,74.0,
S4-14,2015-04-01 12:20:00-07:00,32.7999992371,220.0,,,69.0,74.0,
S4-14,2015-04-01 12:25:00-07:00,32.0,219.2,,,68.8,74.0,
S4-14,2015-04-01 12:30:00-07:00,32.0,220.0,,,68.75,74.0,
S4-14,2015-04-01 12:35:00-07:00,32.0,220.8,,,68.6,74.0,
S4-14,2015-04-01 12:40:00-07:00,31.9999996821,220.8,,,68.7,74.0,
S4-14,2015-04-01 12:45:00-07:00,32.7999992371,219.2,,,68.55,74.0,
S4-14,2015-04-01 12:50:00-07:00,33.1199989319,218.4,,,68.6,74.0,
S4-14,2015-04-01 12:55:00-07:00,33.1999992371,220.8,,,68.5,74.0,
S4-14,2015-04-01 13:00:00-07:00,32.6399993896,220.0,,,68.5,74.0,
S4-14,2015-04-01 13:05:00-07:00,32.7999992371,216.8,,,68.5,74.0,
S4-14,2015-04-01 13:10:00-07:00,33.5999984741,220.0,,,68.45,74.0,
S4-14,2015-04-01 13:15:00-07:00,32.9599990845,218.0,,,68.4375,74.0,
S4-14,2015-04-01 13:20:00-07:00,33.5999984741,220.0,,,68.3333333333,74.0,
S4-14,2015-04-01 13:25:00-07:00,33.6799987793,221.6,,,68.3,74.0,
S4-14,2015-04-01 13:30:00-07:00,33.4399986267,219.2,,,68.3,74.0,
S4-14,2015-04-01 13:35:00-07:00,33.5999992371,219.2,,,68.05,74.0,
S4-14,2015-04-01 13:40:00-07:00,33.5199989319,218.4,,,68.1,74.0,
S4-14,2015-04-01 13:45:00-07:00,33.6799987793,220.0,,,68.25,74.0,
S4-14,2015-04-01 13:50:00-07:00,33.4399986267,219.2,,,68.15,74.0,
S4-14,2015-04-01 13:55:00-07:00,33.7599990845,219.2,,,68.1,74.0,
S4-14,2015-04-01 14:00:00-07:00,33.6666653951,220.8,,,68.0,74.0,
S4-14,2015-04-01 14:05:00-07:00,33.5999984741,219.2,,,68.05,74.0,
S4-14,2015-04-01 14:10:00-07:00,33.5199989319,221.0,,,67.9375,74.0,
S4-14,2015-04-01 14:15:00-07:00,33.6799987793,220.0,,,68.0,74.0,
S4-14,2015-04-01 14:20:00-07:00,33.4399986267,219.2,,,67.9,74.0,
S4-14,2015-04-01 14:25:00-07:00,33.9199996948,220.8,,,67.85,74.0,
S4-14,2015-04-01 14:30:00-07:00,33.5999984741,219.333333333,,,68.0,74.0,
S4-14,2015-04-01 14:35:00-07:00,33.5199989319,222.0,,,68.0625,74.0,
S4-14,2015-04-01 14:40:00-07:00,33.2799987793,217.6,,,68.0,74.0,
S4-14,2015-04-01 14:45:00-07:00,33.5199989319,220.8,,,67.9,74.0,
S4-14,2015-04-01 14:50:00-07:00,33.5999984741,218.666666667,,,67.8333333333,74.0,
S4-14,2015-04-01 14:55:00-07:00,33.4399986267,223.0,,,67.75,74.0,
S4-14,2015-04-01 15:00:00-07:00,33.5999984741,219.2,,,67.8,74.0,
S4-14,2015-04-01 15:05:00-07:00,33.6799987793,221.333333333,,,67.7083333333,74.0,
S4-14,2015-04-01 15:10:00-07:00,33.5199989319,219.0,,,67.8125,74.0,
S4-14,2015-04-01 15:15:00-07:00,32.9599990845,220.8,,,67.75,74.0,
S4-14,2015-04-01 15:20:00-07:00,32.7999992371,219.2,,,67.7916666667,74.0,
S4-14,2015-04-01 15:25:00-07:00,33.5199989319,219.2,,,67.75,74.0,
S4-14,2015-04-01 15:30:00-07:00,33.2799987793,220.0,,,67.8333333333,74.0,
S4-14,2015-04-01 15:35:00-07:00,33.3999989827,220.0,,,67.75,74.0,
S4-14,2015-04-01 15:40:00-07:00,33.5999984741,220.0,,,67.875,74.0,
S4-14,2015-04-01 15:45:00-07:00,33.2799987793,220.8,,,67.75,74.0,
S4-14,2015-04-01 15:50:00-07:00,33.4399986267,219.2,,,67.75,74.0,
S4-14,2015-04-01 15:55:00-07:00,32.9599990845,218.4,,,67.8,74.0,
S4-14,2015-04-01 16:00:00-07:00,33.6799987793,220.0,,,67.75,74.0,
S4-14,2015-04-01 16:05:00-07:00,33.4399986267,220.8,,,67.75,74.0,
S4-14,2015-04-01 16:10:00-07:00,33.5999984741,218.4,,,67.7,74.0,
S4-14,2015-04-01 16:15:00-07:00,33.6799987793,221.6,,,67.75,74.0,
S4-14,2015-04-01 16:20:00-07:00,33.4399986267,217.6,,,67.7,74.0,
S4-14,2015-04-01 16:25:00-07:00,33.6799987793,221.6,,,67.8,74.0,
S4-14,2015-04-01 16:30:00-07:00,33.5199981689,217.6,,,67.75,74.0,
S4-14,2015-04-01 16:35:00-07:00,33.1999992371,221.6,,,67.7,74.0,
S4-14,2015-04-01 16:40:00-07:00,33.5199989319,222.4,,,67.7,74.0,
S4-14,2015-04-01 16:45:00-07:00,33.4399986267,219.2,,,67.75,74.0,
S4-14,2015-04-01 16:50:00-07:00,33.5199989319,220.8,,,67.95,74.0,
S4-14,2015-04-01 16:55:00-07:00,33.5999984741,218.4,,,67.95,74.0,
S4-14,2015-04-01 17:00:00-07:00,33.3599990845,221.6,,,67.9,74.0,
S4-14,2015-04-01 17:05:00-07:00,33.3599990845,220.0,,,67.8,74.0,
S4-14,2015-04-01 17:10:00-07:00,33.7599990845,217.6,,,67.95,74.0,
S4-14,2015-04-01 17:15:00-07:00,33.4399986267,220.0,,,67.95,74.0,
S4-14,2015-04-01 17:20:00-07:00,33.5999984741,219.2,,,68.0,74.0,
S4-14,2015-04-01 17:25:00-07:00,33.5199989319,222.4,,,68.05,74.0,
S4-14,2015-04-01 17:30:00-07:00,33.7599990845,219.2,,,68.1,74.0,
S4-14,2015-04-01 17:35:00-07:00,33.6799987793,220.8,,,68.0,74.0,
S4-14,2015-04-01 17:40:00-07:00,33.5199989319,219.2,,,68.0,74.0,
S4-14,2015-04-01 17:45:00-07:00,32.7999992371,220.8,,,68.0,74.0,
S4-14,2015-04-01 17:50:00-07:00,33.5199989319,219.2,,,68.05,74.0,
S4-14,2015-04-01 17:55:00-07:00,33.5999984741,219.2,,,68.05,74.0,
S4-14,2015-04-01 18:00:00-07:00,33.6799987793,220.0,,,68.05,74.0,
S4-14,2015-04-01 18:05:00-07:00,33.5199989319,220.0,,,68.05,74.0,
S4-14,2015-04-01 18:10:00-07:00,33.4399986267,221.6,,,68.25,74.0,
S4-14,2015-04-01 18:15:00-07:00,33.5999984741,219.2,,,68.2,74.0,
S4-14,2015-04-01 18:20:00-07:00,33.5199989319,220.0,,,68.3,74.0,
S4-14,2015-04-01 18:25:00-07:00,33.4399986267,219.2,,,68.5,74.0,
S4-14,2015-04-01 18:30:00-07:00,33.2799987793,217.6,,,68.5,74.0,
S4-14,2015-04-01 18:35:00-07:00,33.5199989319,221.6,,,68.5,74.0,
S4-14,2015-04-01 18:40:00-07:00,33.5999984741,220.0,,,68.5,74.0,
S4-14,2015-04-01 18:45:00-07:00,33.5999984741,220.0,,,68.5,74.0,
S4-14,2015-04-01 18:50:00-07:00,33.4399986267,219.2,,,68.5,74.0,
S4-14,2015-04-01 18:55:00-07:00,33.5999984741,220.8,,,68.5,74.0,
S4-14,2015-04-01 19:00:00-07:00,33.8399993896,216.8,,,68.55,74.0,
S4-14,2015-04-01 19:05:00-07:00,34.8799987793,224.0,,,68.75,74.0,
S4-14,2015-04-01 19:10:00-07:00,33.2799987793,223.2,,,68.75,74.0,
S4-14,2015-04-01 19:15:00-07:00,33.1199989319,220.0,,,68.8,74.0,
S4-14,2015-04-01 19:20:00-07:00,32.1599998474,222.4,,,69.0,74.0,
S4-14,2015-04-01 19:25:00-07:00,32.9599990845,218.4,,,69.0,74.0,
S4-14,2015-04-01 19:30:00-07:00,32.3199996948,220.8,,,69.0,74.0,
S4-14,2015-04-01 19:35:00-07:00,32.4799995422,216.8,,,69.05,74.0,
S4-14,2015-04-01 19:40:00-07:00,33.2799987793,218.4,,,69.05,74.0,
S4-14,2015-04-01 19:45:00-07:00,32.3199996948,224.0,,,69.1,74.0,
S4-14,2015-04-01 19:50:00-07:00,32.0,218.4,,,69.2,74.0,
S4-14,2015-04-01 19:55:00-07:00,33.2799987793,217.6,,,69.25,74.0,
S4-14,2015-04-01 20:00:00-07:00,32.6399993896,224.0,,,69.25,77.2,
S4-14,2015-04-01 20:05:00-07:00,32.3199996948,217.6,,,69.25,82.0,
S4-14,2015-04-01 20:10:00-07:00,32.9599990845,220.0,,,69.25,82.0,
S4-14,2015-04-01 20:15:00-07:00,32.6399993896,217.6,,,69.25,82.0,
S4-14,2015-04-01 20:20:00-07:00,32.6399993896,222.4,,,69.25,82.0,
S4-14,2015-04-01 20:25:00-07:00,32.7999992371,220.0,,,69.45,82.0,
S4-14,2015-04-01 20:30:00-07:00,32.9999990463,220.8,,,69.5,82.0,
S4-14,2015-04-01 20:35:00-07:00,32.3999996185,220.8,,,69.55,82.0,
S4-14,2015-04-01 20:40:00-07:00,32.7999992371,220.0,,,69.7,82.0,
S4-14,2015-04-01 20:45:00-07:00,32.6399993896,220.8,,,69.75,82.0,
S4-14,2015-04-01 20:50:00-07:00,32.3999996185,219.2,,,69.75,82.0,
S4-14,2015-04-01 20:55:00-07:00,32.9333324432,221.6,,,69.95,82.0,
S4-14,2015-04-01 21:00:00-07:00,32.3999996185,220.8,,,70.0,82.0,
S4-14,2015-04-01 21:05:00-07:00,32.4799995422,219.2,,,70.0,82.0,
S4-14,2015-04-01 21:10:00-07:00,32.7999992371,221.6,,,70.0,82.0,
S4-14,2015-04-01 21:15:00-07:00,32.3199996948,220.8,,,70.2,82.0,
S4-14,2015-04-01 21:20:00-07:00,31.9999996185,216.8,,,70.25,82.0,
S4-14,2015-04-01 21:25:00-07:00,32.5333328247,221.6,,,70.3,82.0,
S4-14,2015-04-01 21:30:00-07:00,31.5999994278,219.2,,,70.25,82.0,
S4-14,2015-04-01 21:35:00-07:00,32.7999992371,220.8,,,70.5,82.0,
S4-14,2015-04-01 21:40:00-07:00,32.7999992371,222.4,,,70.5,82.0,
S4-14,2015-04-01 21:45:00-07:00,32.6399993896,217.6,,,70.5,82.0,
S4-14,2015-04-01 21:50:00-07:00,32.7999992371,221.6,,,70.5,82.0,
S4-14,2015-04-01 21:55:00-07:00,32.1599994659,220.8,,,70.5,82.0,
S4-14,2015-04-01 22:00:00-07:00,32.1599998474,218.4,,,70.6,82.0,
S4-14,2015-04-01 22:05:00-07:00,32.7999992371,221.6,,,70.65,82.0,
S4-14,2015-04-01 22:10:00-07:00,32.0,218.0,,,70.6875,82.0,
S4-14,2015-04-01 22:15:00-07:00,32.3199996948,220.666666667,,,70.75,82.0,
S4-14,2015-04-01 22:20:00-07:00,35.8399993896,131.2,,,70.6,82.0,
S4-14,2015-04-01 22:25:00-07:00,27.7333329519,262.4,,,70.6,82.0,
S4-14,2015-04-01 22:30:00-07:00,31.5999994278,221.0,,,70.5,82.0,
S4-14,2015-04-01 22:35:00-07:00,32.6399993896,218.4,,,70.6,82.0,
S4-14,2015-04-01 22:40:00-07:00,32.4799995422,220.8,,,70.6,82.0,
S4-14,2015-04-01 22:45:00-07:00,32.4799995422,220.8,,,70.75,82.0,
S4-14,2015-04-01 22:50:00-07:00,32.7999992371,222.4,,,70.75,82.0,
S4-14,2015-04-01 22:55:00-07:00,32.1599998474,220.8,,,70.75,82.0,
S4-14,2015-04-01 23:00:00-07:00,32.4799995422,218.4,,,70.75,82.0,
S4-14,2015-04-01 23:05:00-07:00,32.7199989319,221.6,,,70.75,82.0,
S4-14,2015-04-01 23:10:00-07:00,32.6399993896,220.8,,,70.75,82.0,
S4-14,2015-04-01 23:15:00-07:00,32.6399993896,220.0,,,70.75,82.0,
S4-14,2015-04-01 23:20:00-07:00,32.4799995422,219.2,,,70.75,82.0,
S4-14,2015-04-01 23:25:00-07:00,32.6399993896,220.8,,,70.75,82.0,
S4-14,2015-04-01 23:30:00-07:00,32.7999992371,219.2,,,70.8,82.0,
S4-14,2015-04-01 23:35:00-07:00,32.7999992371,220.8,,,70.85,82.0,
S4-14,2015-04-01 23:40:00-07:00,32.9599990845,219.2,,,71.0,82.0,
S4-14,2015-04-01 23:45:00-07:00,32.6399993896,220.8,,,70.8,82.0,
S4-14,2015-04-01 23:50:00-07:00,33.2799987793,218.4,,,70.9,82.0,
S4-14,2015-04-01 23:55:00-07:00,33.2799987793,222.4,,,71.0,82.0,
S6-02,2015-04-01 00:00:00-07:00,24.7999992371,215.2,65.6,0.0,68.75,76.0,0.0
S6-02,2015-04-01 00:05:00-07:00,25.0999994278,220.0,65.8,0.0,68.75,76.0,0.0
S6-02,2015-04-01 00:10:00-07:00,24.0,216.8,65.9,0.0,68.75,76.0,0.0
S6-02,2015-04-01 00:15:00-07:00,23.9999996185,220.8,65.9,0.0,68.75,76.0,0.0
S6-02,2015-04-01 00:20:00-07:00,24.3199996948,216.8,65.9,0.0,68.75,76.0,0.0
S6-02,2015-04-01 00:25:00-07:00,24.1599998474,220.8,65.9,0.0,68.75,76.0,0.0
S6-02,2015-04-01 00:30:00-07:00,24.4799995422,222.4,65.8,0.0,68.75,76.0,0.0
S6-02,2015-04-01 00:35:00-07:00,23.7999997139,216.0,66.0,0.0,68.75,76.0,0.0
S6-02,2015-04-01 00:40:00-07:00,24.1333332062,220.8,66.0,0.0,68.75,76.0,0.0
S6-02,2015-04-01 00:45:00-07:00,24.0,220.8,66.0,0.0,68.75,76.0,0.0
S6-02,2015-04-01 00:50:00-07:00,23.7999997139,217.6,66.0,0.0,68.75,76.0,0.0
S6-02,2015-04-01 00:55:00-07:00,23.8399993896,216.0,66.0,0.0,68.75,76.0,0.0
S6-02,2015-04-01 01:00:00-07:00,24.1599998474,222.4,66.0,0.0,68.75,76.0,0.0
S6-02,2015-04-01 01:05:00-07:00,23.9999996185,220.0,66.0,0.0,68.75,76.0,0.0
S6-02,2015-04-01 01:10:00-07:00,23.5199993134,216.8,65.8,0.0,68.75,76.0,0.0
S6-02,2015-04-01 01:15:00-07:00,24.1599998474,219.2,65.6,0.0,68.75,76.0,0.0
S6-02,2015-04-01 01:20:00-07:00,23.9999996185,215.2,65.7,0.0,68.75,76.0,0.0
S6-02,2015-04-01 01:25:00-07:00,24.1599998474,221.333333333,65.0833333333,0.0,68.75,76.0,0.0
S6-02,2015-04-01 01:30:00-07:00,24.0,219.0,65.625,0.0,68.75,76.0,0.0
S6-02,2015-04-01 01:35:00-07:00,23.8399997711,217.6,65.7,0.0,68.75,76.0,0.0
S6-02,2015-04-01 01:40:00-07:00,24.0,218.0,65.5833333333,0.0,68.6666666667,76.0,0.0
S6-02,2015-04-01 01:45:00-07:00,23.9999996185,222.0,65.5,0.0,68.6875,76.0,0.0
S6-02,2015-04-01 01:50:00-07:00,24.1599998474,220.8,65.6,0.0,68.65,76.0,0.0
S6-02,2015-04-01 01:55:00-07:00,23.6799995422,216.0,65.5,0.0,68.55,76.0,0.0
S6-02,2015-04-01 02:00:00-07:00,24.1599998474,223.2,65.2,0.0,68.5,76.0,0.0
S6-02,2015-04-01 02:05:00-07:00,23.6799995422,214.4,65.9,0.0,68.5,76.0,0.0
S6-02,2015-04-01 02:10:00-07:00,24.0,223.2,65.7,0.0,68.5,76.0,0.0
S6-02,2015-04-01 02:15:00-07:00,23.6799995422,216.8,65.7,0.0,68.5,76.0,0.0
S6-02,2015-04-01 02:20:00-07:00,24.0,219.2,65.5,0.0,68.5,76.0,0.0
S6-02,2015-04-01 02:25:00-07:00,23.5199993134,220.0,65.5,0.0,68.5,76.0,0.0
S6-02,2015-04-01 02:30:00-07:00,24.0,215.2,65.3,0.0,68.5,76.0,0.0
S6-02,2015-04-01 02:35:00-07:00,24.0,222.4,65.5,0.0,68.35,76.0,0.0
S6-02,2015-04-01 02:40:00-07:00,24.1599998474,224.0,65.1,0.0,68.35,76.0,0.0
S6-02,2015-04-01 02:45:00-07:00,23.8399997711,215.2,65.1,0.0,68.25,76.0,0.0
S6-02,2015-04-01 02:50:00-07:00,24.1599998474,219.2,65.1,0.0,68.25,76.0,0.0
S6-02,2015-04-01 02:55:00-07:00,23.8399997711,219.2,65.0,0.0,68.25,76.0,0.0
S6-02,2015-04-01 03:00:00-07:00,24.1599998474,218.4,65.0,0.0,68.25,76.0,0.0
S6-02,2015-04-01 03:05:00-07:00,24.0,220.0,64.9,0.0,68.25,76.0,0.0
S6-02,2015-04-01 03:10:00-07:00,24.3199996948,217.6,64.9,0.0,68.2,76.0,0.0
S6-02,2015-04-01 03:15:00-07:00,24.0,217.6,64.8,0.0,68.15,76.0,0.0
S6-02,2015-04-01 03:20:00-07:00,23.8399997711,215.2,65.0,0.0,68.05,76.0,0.0
S6-02,2015-04-01 03:25:00-07:00,24.4799995422,225.6,64.8,0.0,68.05,76.0,0.0
S6-02,2015-04-01 03:30:00-07:00,23.9999996185,216.0,64.6,0.0,68.0,76.0,0.0
S6-02,2015-04-01 03:35:00-07:00,23.8399997711,220.8,64.6,0.0,68.0,76.0,0.0
S6-02,2015-04-01 03:40:00-07:00,24.0,217.6,64.6,0.0,68.0,76.0,0.0
S6-02,2015-04-01 03:45:00-07:00,24.0,220.8,64.8,0.0,68.0,76.0,0.0
S6-02,2015-04-01 03:50:00-07:00,24.0,215.2,64.5,0.0,68.0,76.0,0.0
S6-02,2015-04-01 03:55:00-07:00,23.9999996185,224.0,64.7,0.0,68.0,76.0,0.0
S6-02,2015-04-01 04:00:00-07:00,24.0,221.6,64.8,0.0,68.0,76.0,0.0
S6-02,2015-04-01 04:05:00-07:00,24.0,220.0,64.5,0.0,68.0,76.0,0.0
S6-02,2015-04-01 04:10:00-07:00,24.0,213.6,64.7,0.0,68.0,76.0,0.0
S6-02,2015-04-01 04:15:00-07:00,23.9999996185,224.0,64.6,0.0,68.0,76.0,0.0
S6-02,2015-04-01 04:20:00-07:00,24.1599998474,220.8,64.9,0.0,68.0,76.0,0.0
S6-02,2015-04-01 04:25:00-07:00,24.1599998474,218.4,64.6,0.0,68.0,76.0,0.0
S6-02,2015-04-01 04:30:00-07:00,23.6799995422,217.6,64.5,0.0,67.8,76.0,0.0
S6-02,2015-04-01 04:35:00-07:00,24.3199996948,215.2,64.7,0.0,67.85,76.0,0.0
S6-02,2015-04-01 04:40:00-07:00,23.6799995422,220.8,64.5,0.0,67.75,76.0,0.0
S6-02,2015-04-01 04:45:00-07:00,24.0,215.2,64.5,0.0,67.75,76.0,0.0
S6-02,2015-04-01 04:50:00-07:00,23.6799991608,224.0,64.5,0.0,67.75,76.0,0.0
S6-02,2015-04-01 04:55:00-07:00,24.0,217.6,64.5,0.0,67.75,76.0,0.0
S6-02,2015-04-01 05:00:00-07:00,23.6799995422,222.4,64.6,0.0,67.75,76.0,0.0
S6-02,2015-04-01 05:05:00-07:00,23.6799995422,215.2,64.6,0.0,67.75,76.0,0.0
S6-02,2015-04-01 05:10:00-07:00,24.1599998474,217.6,64.5,0.0,67.75,76.0,0.0
S6-02,2015-04-01 05:15:00-07:00,23.3599990845,218.4,64.7,0.0,67.75,76.0,0.0
S6-02,2015-04-01 05:20:00-07:00,23.1999988556,225.6,64.6,0.0,67.75,76.0,0.0
S6-02,2015-04-01 05:25:00-07:00,23.1999992371,216.0,64.6,0.0,67.75,76.0,0.0
S6-02,2015-04-01 05:30:00-07:00,23.1999992371,216.8,64.6,0.0,67.75,76.0,0.0
S6-02,2015-04-01 05:35:00-07:00,23.0399990082,223.2,64.6,0.0,67.75,76.0,0.0
S6-02,2015-04-01 05:40:00-07:00,23.1999988556,219.2,64.9,0.0,67.75,76.0,0.0
S6-02,2015-04-01 05:45:00-07:00,23.0399990082,221.6,64.6,0.0,67.75,76.0,0.0
S6-02,2015-04-01 05:50:00-07:00,22.5999994278,217.6,64.8,0.0,67.75,76.0,0.0
S6-02,2015-04-01 05:55:00-07:00,23.1999988556,215.2,64.5,0.0,67.75,76.0,0.0
S6-02,2015-04-01 06:00:00-07:00,23.5199993134,218.4,64.5,0.0,67.75,76.0,0.0
S6-02,2015-04-01 06:05:00-07:00,23.1999992371,219.0,64.5,0.0,67.75,75.0,0.0
S6-02,2015-04-01 06:10:00-07:00,23.3599990845,224.0,64.625,0.0,67.75,75.0,0.0
S6-02,2015-04-01 06:15:00-07:00,23.0399990082,214.4,64.5,0.0,67.75,75.0,0.0
S6-02,2015-04-01 06:20:00-07:00,23.1999992371,224.0,64.5,0.0,67.75,75.0,0.0
S6-02,2015-04-01 06:25:00-07:00,23.1999988556,220.8,64.5,0.0,67.75,75.0,0.0
S6-02,2015-04-01 06:30:00-07:00,22.7199993134,220.8,64.6,0.0,67.75,75.0,0.0
S6-02,2015-04-01 06:35:00-07:00,23.1999988556,217.6,64.5,0.0,67.75,75.0,0.0
S6-02,2015-04-01 06:40:00-07:00,23.1999988556,218.4,64.6,0.0,67.75,75.0,0.0
S6-02,2015-04-01 06:45:00-07:00,23.0399993896,226.4,64.2,0.0,67.75,75.0,0.0
S6-02,2015-04-01 06:50:00-07:00,22.2399993896,216.0,64.4,0.0,67.75,75.0,0.0
S6-02,2015-04-01 06:55:00-07:00,22.5599994659,217.6,64.5,0.0,67.65,75.0,0.0
S6-02,2015-04-01 07:00:00-07:00,22.3999996185,215.2,64.4,0.0,67.5,75.0,0.0
S6-02,2015-04-01 07:05:00-07:00,23.0399990082,218.4,64.5,0.0,67.5,75.0,0.0
S6-02,2015-04-01 07:10:00-07:00,23.1999988556,220.0,64.5,0.0,67.5,75.0,0.0
S6-02,2015-04-01 07:15:00-07:00,22.5599994659,220.8,64.5,0.0,67.5,75.0,0.0
S6-02,2015-04-01 07:20:00-07:00,22.2399993896,216.8,64.5,0.0,67.5,75.0,0.0
S6-02,2015-04-01 07:25:00-07:00,22.7199993134,221.6,64.5,0.0,67.5,75.0,0.0
S6-02,2015-04-01 07:30:00-07:00,23.1999988556,214.4,64.5,0.0,67.5,75.0,0.0
S6-02,2015-04-01 07:35:00-07:00,23.3599990845,220.8,64.4,0.0,67.5,75.0,0.0
S6-02,2015-04-01 07:40:00-07:00,23.3599990845,219.2,64.3,0.0,67.45,75.0,0.0
S6-02,2015-04-01 07:45:00-07:00,23.0399990082,220.0,64.3,0.0,67.45,75.0,0.0
S6-02,2015-04-01 07:50:00-07:00,23.3599990845,220.0,64.4,0.0,67.3,75.0,0.0
S6-02,2015-04-01 07:55:00-07:00,23.1999988556,216.0,64.4,0.0,67.4,75.0,0.0
S6-02,2015-04-01 08:00:00-07:00,23.9999996185,216.8,64.5,0.0,67.45,75.0,0.0
S6-02,2015-04-01 08:05:00-07:00,23.6799995422,220.0,64.5,0.0,67.4,75.0,0.0
S6-02,2015-04-01 08:10:00-07:00,24.0,216.8,64.7,0.0,67.45,75.0,0.0
S6-02,2015-04-01 08:15:00-07:00,23.5199993134,222.4,64.6,0.0,67.5,75.0,0.0
S6-02,2015-04-01 08:20:00-07:00,23.0399990082,219.2,64.7,0.0,67.5,75.0,0.0
S6-02,2015-04-01 08:25:00-07:00,23.0399990082,220.0,64.6,0.0,67.45,75.0,0.0
S6-02,2015-04-01 08:30:00-07:00,23.3599990845,220.0,64.7,0.0,67.5,75.0,0.0
S6-02,2015-04-01 08:35:00-07:00,22.8799991608,217.6,64.6,0.0,67.5,75.0,0.0
S6-02,2015-04-01 08:40:00-07:00,23.1999988556,223.2,64.9,0.0,67.5,75.0,0.0
S6-02,2015-04-01 08:45:00-07:00,22.8799991608,215.2,65.2,0.0,67.55,75.0,0.0
S6-02,2015-04-01 08:50:00-07:00,23.5199993134,215.2,65.6,0.0,67.6,75.0,0.0
S6-02,2015-04-01 08:55:00-07:00,23.1999988556,220.0,65.2,0.0,67.75,75.0,0.0
S6-02,2015-04-01 09:00:00-07:00,23.3599990845,213.6,65.6,0.0,67.75,75.0,0.0
S6-02,2015-04-01 09:05:00-07:00,24.0,224.0,65.8,0.0,67.75,75.0,0.0
S6-02,2015-04-01 09:10:00-07:00,23.5199993134,216.8,66.0,0.0,67.75,75.0,0.0
S6-02,2015-04-01 09:15:00-07:00,23.1999988556,222.4,66.2,0.0,67.75,75.0,0.0
S6-02,2015-04-01 09:20:00-07:00,23.1999992371,212.8,66.2,0.0,67.75,75.0,0.0
S6-02,2015-04-01 09:25:00-07:00,23.1999988556,222.4,66.2,0.0,67.75,75.0,0.0
S6-02,2015-04-01 09:30:00-07:00,23.0399990082,218.4,66.3,0.0,67.75,75.0,0.0
S6-02,2015-04-01 09:35:00-07:00,23.1999988556,220.0,66.5,0.0,67.75,75.0,0.0
S6-02,2015-04-01 09:40:00-07:00,22.9599990845,221.6,66.7,0.0,67.75,75.0,0.0
S6-02,2015-04-01 09:45:00-07:00,22.3999996185,221.6,66.7,0.0,67.75,75.0,0.0
S6-02,2015-04-01 09:50:00-07:00,22.3199996948,216.0,66.8,0.0,67.85,75.0,0.0
S6-02,2015-04-01 09:55:00-07:00,23.0399990082,220.0,67.0,0.0,67.95,75.0,0.0
S6-02,2015-04-01 10:00:00-07:00,23.1999988556,219.2,67.0,0.0,68.0,75.0,0.0
S6-02,2015-04-01 10:05:00-07:00,22.3999996185,219.0,66.875,0.0,68.0,75.0,0.0
S6-02,2015-04-01 10:10:00-07:00,22.2399993896,224.8,66.8,0.0,68.0,75.0,0.0
S6-02,2015-04-01 10:15:00-07:00,53.2799995422,128.8,66.7,0.0,68.05,75.0,12.7999998093
S6-02,2015-04-01 10:20:00-07:00,27.1199997425,145.6,66.8,0.0,68.2,75.0,0.0
S6-02,2015-04-01 10:25:00-07:00,24.0,218.0,66.25,0.0,68.25,75.0,0.0
S6-02,2015-04-01 10:30:00-07:00,23.8399997711,214.0,65.75,0.0,68.25,75.0,0.0
S6-02,2015-04-01 10:35:00-07:00,24.0,218.4,65.2,0.0,68.35,75.0,0.0
S6-02,2015-04-01 10:40:00-07:00,24.0,218.4,65.4,0.0,68.7,75.0,0.0
S6-02,2015-04-01 10:45:00-07:00,24.1599998474,220.8,65.0,0.0,68.75,75.0,0.0
S6-02,2015-04-01 10:50:00-07:00,24.3199996948,216.0,64.8,0.0,69.0,75.0,0.0
S6-02,2015-04-01 10:55:00-07:00,25.0399993896,218.666666667,64.6666666667,0.0,69.2916666667,75.0,0.0
S6-02,2015-04-01 11:00:00-07:00,25.0399993896,225.0,64.875,0.0,69.5,75.0,0.0
S6-02,2015-04-01 11:05:00-07:00,24.7999992371,221.6,64.6,0.0,69.75,75.0,0.0
S6-02,2015-04-01 11:10:00-07:00,25.0399993896,218.4,64.5,0.0,69.85,75.0,0.0
S6-02,2015-04-01 11:15:00-07:00,24.6399993896,218.4,63.5,0.0,70.1,75.0,0.0
S6-02,2015-04-01 11:20:00-07:00,24.8799995422,218.4,61.8,0.0,70.35,75.0,0.0
S6-02,2015-04-01 11:25:00-07:00,24.7999992371,216.666666667,60.25,0.0,70.6666666667,75.0,0.0
S6-02,2015-04-01 11:30:00-07:00,24.6399993896,223.0,59.875,0.0,70.75,75.0,0.0
S6-02,2015-04-01 11:35:00-07:00,25.0399993896,216.8,59.5,0.0,70.85,75.0,0.0
S6-02,2015-04-01 11:40:00-07:00,25.5199996948,214.4,59.8,0.0,71.0,75.0,0.0
S6-02,2015-04-01 11:45:00-07:00,26.1599998474,223.2,60.1,0.0,71.1,75.0,0.0
S6-02,2015-04-01 11:50:00-07:00,25.0399993896,213.6,60.5,0.0,71.35,75.0,0.0
S6-02,2015-04-01 11:55:00-07:00,26.0,219.2,60.3,0.0,71.5,75.0,0.0
S6-02,2015-04-01 12:00:00-07:00,26.0,216.0,60.5,0.0,71.65,75.0,0.0
S6-02,2015-04-01 12:05:00-07:00,25.5199996948,219.2,60.3,0.0,71.85,75.0,0.0
S6-02,2015-04-01 12:10:00-07:00,24.7999992371,218.4,59.9,0.0,72.1,75.0,0.0
S6-02,2015-04-01 12:15:00-07:00,25.7599998474,216.8,59.9,0.0,72.35,75.0,0.0
S6-02,2015-04-01 12:20:00-07:00,26.1599998474,216.0,59.6,0.0,72.5,75.0,0.0
S6-02,2015-04-01 12:25:00-07:00,26.3199996948,220.0,59.1,0.0,72.5,75.0,0.0
S6-02,2015-04-01 12:30:00-07:00,26.0,217.6,58.9,0.0,72.65,75.0,0.0
S6-02,2015-04-01 12:35:00-07:00,26.0,220.0,58.7,0.0,72.75,75.0,0.0
S6-02,2015-04-01 12:40:00-07:00,25.7599998474,216.8,58.9,0.0,72.8,75.0,0.0
S6-02,2015-04-01 12:45:00-07:00,26.3199996948,216.0,59.0,0.0,72.9,75.0,0.0
S6-02,2015-04-01 12:50:00-07:00,26.9599994659,217.6,59.0,0.0,73.1,75.0,0.0
S6-02,2015-04-01 12:55:00-07:00,27.1199996948,222.4,58.6,0.0,73.25,75.0,0.0
S6-02,2015-04-01 13:00:00-07:00,26.6399993896,218.4,58.2,0.0,73.25,75.0,0.0
S6-02,2015-04-01 13:05:00-07:00,26.7999996185,216.8,58.0,0.0,73.25,75.0,0.0
S6-02,2015-04-01 13:10:00-07:00,27.1199996948,220.8,58.0,0.0,73.25,75.0,0.0
S6-02,2015-04-01 13:15:00-07:00,27.4400001526,220.8,57.6,0.0,73.5,75.0,0.0
S6-02,2015-04-01 13:20:00-07:00,26.9599994659,218.4,57.9,0.0,73.5,75.0,0.0
S6-02,2015-04-01 13:25:00-07:00,27.2799999237,218.4,58.0,0.0,73.65,75.0,0.0
S6-02,2015-04-01 13:30:00-07:00,26.9599994659,220.8,58.0,0.0,73.75,75.0,0.0
S6-02,2015-04-01 13:35:00-07:00,26.9599998474,222.4,58.1,0.0,73.85,75.0,0.0
S6-02,2015-04-01 13:40:00-07:00,27.2799999237,220.8,57.9,0.0,74.0,75.0,0.0
S6-02,2015-04-01 13:45:00-07:00,26.7999996185,215.2,57.7,0.0,74.0,75.0,0.0
S6-02,2015-04-01 13:50:00-07:00,26.9599994659,217.6,57.9,0.0,74.0,75.0,0.0
S6-02,2015-04-01 13:55:00-07:00,27.1199996948,218.4,57.9,0.0,74.0,75.0,0.0
S6-02,2015-04-01 14:00:00-07:00,26.7999992371,217.6,57.8,0.0,74.05,75.0,0.0
S6-02,2015-04-01 14:05:00-07:00,26.9599994659,218.4,57.4,0.0,74.15,75.0,0.0
S6-02,2015-04-01 14:10:00-07:00,26.7999992371,222.4,58.0,0.0,74.15,75.0,0.0
S6-02,2015-04-01 14:15:00-07:00,26.6399993896,213.6,57.9,0.0,74.2,75.0,0.0
S6-02,2015-04-01 14:20:00-07:00,26.7999992371,224.0,57.8,0.0,74.25,75.0,0.0
S6-02,2015-04-01 14:25:00-07:00,26.7999992371,218.4,58.0,0.0,74.05,75.0,0.0
S6-02,2015-04-01 14:30:00-07:00,26.7999992371,218.4,58.2,0.0,74.2,75.0,0.0
S6-02,2015-04-01 14:35:00-07:00,26.7999992371,220.8,58.0,0.0,74.25,75.0,0.0
S6-02,2015-04-01 14:40:00-07:00,26.7999996185,212.0,58.0,0.0,74.25,75.0,0.0
S6-02,2015-04-01 14:45:00-07:00,26.7999992371,223.2,57.9,0.0,74.25,75.0,0.0
S6-02,2015-04-01 14:50:00-07:00,26.6399993896,219.2,57.7,0.0,74.25,75.0,0.0
S6-02,2015-04-01 14:55:00-07:00,26.7199993134,220.0,57.9,0.0,74.25,75.0,0.0
S6-02,2015-04-01 15:00:00-07:00,26.7999996185,218.4,57.8,0.0,74.25,75.0,0.0
S6-02,2015-04-01 15:05:00-07:00,26.7999992371,219.2,57.6,0.0,74.25,75.0,0.0
S6-02,2015-04-01 15:10:00-07:00,26.7999992371,219.2,57.7,0.0,74.25,75.0,0.0
S6-02,2015-04-01 15:15:00-07:00,26.7999992371,219.2,57.6,0.0,74.25,75.0,0.0
S6-02,2015-04-01 15:20:00-07:00,26.9599994659,216.8,58.0,0.0,74.25,75.0,0.0
S6-02,2015-04-01 15:25:00-07:00,26.6399993896,216.8,57.8,0.0,74.25,75.0,0.0
S6-02,2015-04-01 15:30:00-07:00,26.9599994659,215.2,57.5,0.0,74.05,75.0,0.0
S6-02,2015-04-01 15:35:00-07:00,27.1199996948,220.8,57.6,0.0,74.0,75.0,0.0
S6-02,2015-04-01 15:40:00-07:00,26.6399993896,219.2,57.8,0.0,74.0,75.0,0.0
S6-02,2015-04-01 15:45:00-07:00,26.9599994659,218.4,58.0,0.0,74.0,75.0,0.0
S6-02,2015-04-01 15:50:00-07:00,26.6399993896,217.6,58.0,0.0,74.0,75.0,0.0
S6-02,2015-04-01 15:55:00-07:00,26.9599994659,220.8,58.0,0.0,73.85,75.0,0.0
S6-02,2015-04-01 16:00:00-07:00,26.9599994659,214.4,58.0,0.0,73.75,75.0,0.0
S6-02,2015-04-01 16:05:00-07:00,26.9599994659,220.0,57.7,0.0,73.7,75.0,0.0
S6-02,2015-04-01 16:10:00-07:00,26.9599994659,214.4,57.8,0.0,73.45,75.0,0.0
S6-02,2015-04-01 16:15:00-07:00,26.7999992371,217.6,57.7,0.0,73.45,75.0,0.0
S6-02,2015-04-01 16:20:00-07:00,27.4400001526,220.8,57.9,0.0,73.25,75.0,0.0
S6-02,2015-04-01 16:25:00-07:00,27.4400001526,214.4,57.5,0.0,73.25,75.0,0.0
S6-02,2015-04-01 16:30:00-07:00,27.2799999237,222.4,57.4,0.0,73.25,75.0,0.0
S6-02,2015-04-01 16:35:00-07:00,27.2799999237,217.6,57.8,0.0,73.2,75.0,0.0
S6-02,2015-04-01 16:40:00-07:00,27.4400001526,219.2,57.6,0.0,73.0,75.0,0.0
S6-02,2015-04-01 16:45:00-07:00,27.2799999237,219.2,57.6,0.0,73.0,75.0,0.0
S6-02,2015-04-01 16:50:00-07:00,27.4400001526,224.0,57.9,0.0,72.8,75.0,0.0
S6-02,2015-04-01 16:55:00-07:00,26.7999992371,217.6,58.0,0.0,72.7,75.0,0.0
S6-02,2015-04-01 17:00:00-07:00,27.6000003815,213.6,58.1,0.0,72.65,75.0,0.0
S6-02,2015-04-01 17:05:00-07:00,27.2799999237,220.8,58.1,0.0,72.5,75.0,0.0
S6-02,2015-04-01 17:10:00-07:00,27.4400001526,219.2,58.1,0.0,72.5,75.0,0.0
S6-02,2015-04-01 17:15:00-07:00,27.6000003815,220.8,58.3,0.0,72.5,75.0,0.0
S6-02,2015-04-01 17:20:00-07:00,27.2799999237,219.2,58.6,0.0,72.5,75.0,0.0
S6-02,2015-04-01 17:25:00-07:00,27.6000003815,214.4,58.7,0.0,72.5,75.0,0.0
S6-02,2015-04-01 17:30:00-07:00,27.7600002289,222.4,58.7,0.0,72.4,75.0,0.0
S6-02,2015-04-01 17:35:00-07:00,27.4400001526,220.8,58.6,0.0,72.25,75.0,0.0
S6-02,2015-04-01 17:40:00-07:00,27.4400001526,219.2,58.4,0.0,72.25,75.0,0.0
S6-02,2015-04-01 17:45:00-07:00,27.2799999237,220.8,58.3,0.0,72.0,75.0,0.0
S6-02,2015-04-01 17:50:00-07:00,27.2799999237,221.6,58.3,0.0,71.75,75.0,0.0
S6-02,2015-04-01 17:55:00-07:00,27.2799999237,213.6,58.5,0.0,71.7,75.0,0.0
S6-02,2015-04-01 18:00:00-07:00,27.4400001526,217.6,58.6,0.0,71.7,75.2,0.0
S6-02,2015-04-01 18:05:00-07:00,27.6000003815,216.8,59.1,0.0,71.5,76.0,0.0
S6-02,2015-04-01 18:10:00-07:00,27.6000003815,224.8,59.3,0.0,71.5,76.0,0.0
S6-02,2015-04-01 18:15:00-07:00,26.7999992371,216.8,59.4,0.0,71.5,76.0,0.0
S6-02,2015-04-01 18:20:00-07:00,27.6000003815,219.2,59.8,0.0,71.35,76.0,0.0
S6-02,2015-04-01 18:25:00-07:00,27.4400001526,216.8,59.8,0.0,71.3,76.0,0.0
S6-02,2015-04-01 18:30:00-07:00,27.6000003815,216.8,60.1,0.0,71.2,76.0,0.0
S6-02,2015-04-01 18:35:00-07:00,27.6,221.6,60.3,0.0,71.15,76.0,0.0
S6-02,2015-04-01 18:40:00-07:00,27.6,218.4,60.6,0.0,71.1,76.0,0.0
S6-02,2015-04-01 18:45:00-07:00,27.7600002289,220.0,60.9,0.0,71.0,76.0,0.0
S6-02,2015-04-01 18:50:00-07:00,27.2799999237,219.2,60.8,0.0,71.0,76.0,0.0
S6-02,2015-04-01 18:55:00-07:00,27.4400001526,220.0,60.5,0.0,71.0,76.0,0.0
S6-02,2015-04-01 19:00:00-07:00,28.0799999237,219.2,60.8,0.0,70.85,76.0,0.0
S6-02,2015-04-01 19:05:00-07:00,28.3999996185,215.2,61.0,0.0,70.75,76.0,0.0
S6-02,2015-04-01 19:10:00-07:00,27.5999997457,224.0,61.2,0.0,70.75,76.0,0.0
S6-02,2015-04-01 19:15:00-07:00,26.7999996185,221.6,61.8,0.0,70.75,76.0,0.0
S6-02,2015-04-01 19:20:00-07:00,26.0,218.4,61.9,0.0,70.75,76.0,0.0
S6-02,2015-04-01 19:25:00-07:00,26.3199996948,210.4,61.8,0.0,70.5,76.0,0.0
S6-02,2015-04-01 19:30:00-07:00,26.6399997711,222.4,62.5,0.0,70.55,76.0,0.0
S6-02,2015-04-01 19:35:00-07:00,26.7999992371,216.0,62.5,0.0,70.45,76.0,0.0
S6-02,2015-04-01 19:40:00-07:00,26.9333327611,218.4,62.2,0.0,70.5,76.0,0.0
S6-02,2015-04-01 19:45:00-07:00,26.3199996948,222.4,62.2,0.0,70.4,76.0,0.0
S6-02,2015-04-01 19:50:00-07:00,26.3999996185,219.2,62.4,0.0,70.25,76.0,0.0
S6-02,2015-04-01 19:55:00-07:00,26.799999555,220.0,62.3,0.0,70.1,76.0,0.0
S6-02,2015-04-01 20:00:00-07:00,25.8999996185,218.4,62.2,0.0,70.05,76.0,0.0
S6-02,2015-04-01 20:05:00-07:00,26.4799995422,216.8,62.2,0.0,70.0,76.0,0.0
S6-02,2015-04-01 20:10:00-07:00,26.7999992371,218.4,62.4,0.0,70.0,76.0,0.0
S6-02,2015-04-01 20:15:00-07:00,26.5999994278,222.0,62.625,0.0,69.8125,76.0,0.0
S6-02,2015-04-01 20:20:00-07:00,26.3199996948,218.0,62.8333333333,0.0,69.8333333333,76.0,0.0
S6-02,2015-04-01 20:25:00-07:00,26.1599998474,225.6,63.0,0.0,69.75,76.0,0.0
S6-02,2015-04-01 20:30:00-07:00,25.9199996948,211.0,63.5,0.0,69.8125,76.0,0.0
S6-02,2015-04-01 20:35:00-07:00,26.0,219.2,63.7,0.0,69.75,76.0,0.0
S6-02,2015-04-01 20:40:00-07:00,26.0,220.8,63.7,0.0,69.75,76.0,0.0
S6-02,2015-04-01 20:45:00-07:00,26.0,218.4,64.0,0.0,69.75,76.0,0.0
S6-02,2015-04-01 20:50:00-07:00,26.0,220.0,64.1,0.0,69.75,76.0,0.0
S6-02,2015-04-01 20:55:00-07:00,26.1599998474,218.4,64.4,0.0,69.75,76.0,0.0
S6-02,2015-04-01 21:00:00-07:00,26.0,222.4,64.4,0.0,69.75,76.0,0.0
S6-02,2015-04-01 21:05:00-07:00,26.0,216.8,64.5,0.0,69.75,76.0,0.0
S6-02,2015-04-01 21:10:00-07:00,26.1599998474,223.2,64.6,0.0,69.75,76.0,0.0
S6-02,2015-04-01 21:15:00-07:00,26.1599998474,219.2,64.7,0.0,69.75,76.0,0.0
S6-02,2015-04-01 21:20:00-07:00,25.7599998474,216.0,64.8,0.0,69.75,76.0,0.0
S6-02,2015-04-01 21:25:00-07:00,26.0,218.4,65.0,0.0,69.75,76.0,0.0
S6-02,2015-04-01 21:30:00-07:00,25.2799995422,220.0,65.2,0.0,69.75,76.0,0.0
S6-02,2015-04-01 21:35:00-07:00,25.2799995422,218.4,65.3,0.0,69.75,76.0,0.0
S6-02,2015-04-01 21:40:00-07:00,25.5199996948,217.6,65.4,0.0,69.75,76.0,0.0
S6-02,2015-04-01 21:45:00-07:00,25.5199996948,218.4,65.6,0.0,69.75,76.0,0.0
S6-02,2015-04-01 21:50:00-07:00,25.5199996948,216.8,65.4,0.0,69.75,76.0,0.0
S6-02,2015-04-01 21:55:00-07:00,25.9199996948,219.2,65.0,0.0,69.75,76.0,0.0
S6-02,2015-04-01 22:00:00-07:00,25.9199996948,215.2,65.6,0.0,69.75,76.0,0.0
S6-02,2015-04-01 22:05:00-07:00,25.2799995422,223.2,65.4,0.0,69.75,76.0,0.0
S6-02,2015-04-01 22:10:00-07:00,25.5199996948,216.8,65.5,0.0,69.75,76.0,0.0
S6-02,2015-04-01 22:15:00-07:00,70.4,88.0,65.6,0.0,69.6,76.0,26.3199989319
S6-02,2015-04-01 22:20:00-07:00,27.5199996948,147.2,66.0,0.0,69.5,76.0,0.0
S6-02,2015-04-01 22:25:00-07:00,24.4799995422,213.6,66.1,0.0,69.5,76.0,0.0
S6-02,2015-04-01 22:30:00-07:00,24.3199996948,225.6,65.9,0.0,69.5,76.0,0.0
S6-02,2015-04-01 22:35:00-07:00,24.3199996948,219.2,65.9,0.0,69.4,76.0,0.0
S6-02,2015-04-01 22:40:00-07:00,24.4799995422,217.6,66.0,0.0,69.25,76.0,0.0
S6-02,2015-04-01 22:45:00-07:00,24.7999992371,215.2,66.1,0.0,69.25,76.0,0.0
S6-02,2015-04-01 22:50:00-07:00,24.7199996948,221.6,66.0,0.0,69.35,76.0,0.0
S6-02,2015-04-01 22:55:00-07:00,24.3199996948,217.6,66.0,0.0,69.25,76.0,0.0
S6-02,2015-04-01 23:00:00-07:00,24.1599998474,218.4,66.2,0.0,69.25,76.0,0.0
S6-02,2015-04-01 23:05:00-07:00,24.0,218.4,66.0,0.0,69.2,76.0,0.0
S6-02,2015-04-01 23:10:00-07:00,24.3199993134,220.0,65.9,0.0,69.25,76.0,0.0
S6-02,2015-04-01 23:15:00-07:00,24.6399993896,224.0,66.0,0.0,69.15,76.0,0.0
S6-02,2015-04-01 23:20:00-07:00,24.3199996948,220.0,66.0,0.0,69.25,76.0,0.0
S6-02,2015-04-01 23:25:00-07:00,24.0,219.2,66.0,0.0,69.15,76.0,0.0
S6-02,2015-04-01 23:30:00-07:00,23.8399997711,215.2,66.1,0.0,69.0,76.0,0.0
S6-02,2015-04-01 23:35:00-07:00,24.1599994659,214.4,66.0,0.0,69.0,76.0,0.0
S6-02,2015-04-01 23:40:00-07:00,24.1599998474,214.4,66.0,0.0,69.0,76.0,0.0
S6-02,2015-04-01 23:45:00-07:00,24.7999992371,220.8,65.9,0.0,69.0,76.0,0.0
S6-02,2015-04-01 23:50:00-07:00,25.0399993896,214.4,65.8,0.0,69.0,76.0,0.0
S6-02,2015-04-01 23:55:00-07:00,25.0399993896,220.8,65.8,0.0,69.0,76.0,0.0
